index,datasets_FULL_ids
0,3
1,6
2,11
3,12
4,13
5,14
6,15
7,16
8,18
9,21
10,22
11,23
12,24
13,26
14,28
15,29
16,30
17,31
18,32
19,36
20,37
21,38
22,44
23,46
24,50
25,54
26,55
27,57
28,60
29,61
30,151
31,179
32,180
33,181
34,182
35,184
36,185
37,188
38,201
39,273
40,293
41,299
42,300
43,307
44,336
45,346
46,351
47,354
48,357
49,380
50,389
51,390
52,391
53,392
54,393
55,395
56,396
57,398
58,399
59,401
60,446
61,458
62,469
63,554
64,679
65,715
66,718
67,720
68,722
69,723
70,727
71,728
72,734
73,735
74,737
75,740
76,741
77,743
78,751
79,752
80,761
81,772
82,797
83,799
84,803
85,806
86,807
87,813
88,816
89,819
90,821
91,822
92,823
93,833
94,837
95,843
96,845
97,846
98,847
99,849
100,866
101,871
102,881
103,897
104,901
105,903
106,904
107,910
108,912
109,913
110,914
111,917
112,923
113,930
114,934
115,953
116,958
117,959
118,962
119,966
120,971
121,976
122,977
123,978
124,979
125,980
126,991
127,993
128,995
129,1000
130,1002
131,1018
132,1019
133,1020
134,1021
135,1036
136,1040
137,1041
138,1042
139,1049
140,1050
141,1053
142,1056
143,1063
144,1067
145,1068
146,1069
147,1083
148,1084
149,1085
150,1086
151,1087
152,1088
153,1116
154,1119
155,1120
156,1128
157,1130
158,1134
159,1138
160,1139
161,1142
162,1146
163,1161
164,1166
165,1216
166,1233
167,1235
168,1236
169,1441
170,1448
171,1450
172,1457
173,1461
174,1462
175,1464
176,1465
177,1468
178,1475
179,1477
180,1478
181,1479
182,1480
183,1483
184,1485
185,1486
186,1487
187,1488
188,1489
189,1494
190,1497
191,1499
192,1501
193,1503
194,1509
195,1510
196,1515
197,1566
198,1567
199,1575
200,1590
201,1592
202,1597
203,4134
204,4135
205,4137
206,4534
207,4538
208,4541
209,6332
210,23381
211,23512
212,23517
213,40498
214,40499
215,40664
216,40668
217,40670
218,40672
219,40677
220,40685
221,40687
222,40701
223,40713
224,40900
225,40910
226,40923
227,40927
228,40966
229,40971
230,40975
231,40978
232,40979
233,40981
234,40982
235,40983
236,40984
237,40994
238,40996
239,41027
240,41142
241,41143
242,41144
243,41145
244,41146
245,41150
246,41156
247,41157
248,41158
249,41159
250,41161
251,41163
252,41164
253,41165
254,41166
255,41167
256,41168
257,41169
258,41228
259,41972
260,42734
261,42742
262,42769
263,42809
264,42810
